osm_id,osm_type,name,brand,operator,addr_full,addr_street,addr_housenumber,addr_city,addr_state,addr_postcode,opening_hours,phone,website,lat,lon,source,street_address,city,page_url
2337304675,node,Tiendas D1,,,,,,Vélez,,,Mo-Su 7:00-21:00,,https://tiendasd1.com/,6.0131647,-73.6753169,osm,,,
3181270556,node,D1,D1,D1,,Vía Las Palmas Km 2,,Medellín,,,,,,6.2273024,-75.5658832,osm,,,
3277724598,node,D1,D1,,,,,,,,,,,4.5376051,-75.6720194,osm,,,
3315519261,node,D1,,,,,,,,,,,,4.7989414,-75.7424329,osm,,,
3348458309,node,D1,D1,,,Carrera 9,,Pereira,,660002,Mo-Su 08:00-21:00,,http://tiendasd1.com,4.8130442,-75.6954892,osm,,,
3406307355,node,D1,D1,,,,,,,,,,,4.5542969,-75.6636726,osm,,,
3669356890,node,D1,D1,,,,,,,,,,https://d1.com.co/,4.655924,-74.0627137,osm,,,
3763117058,node,D1,D1,,,,,,,,Mo-Sa 08:00-21:00,,,4.5572902,-75.6566292,osm,,,
3811561150,node,D1,D1,,,,,,,,"PH,Mo-Su 08:00-21:00",,,6.2502427,-75.6035507,osm,,,
4056667789,node,D1,D1,,,Carrera 8,,,,,Mo-Su 08:00-21:00,,https://d1.com.co/,4.64867,-74.060936,osm,,,
4099716954,node,D1,,,,,,,,,,,,5.0534098,-75.4886634,osm,,,
4099716955,node,D1,D1,,,,,,,,,,,5.0608513,-75.4883307,osm,,,
4139560682,node,D1,D1,,,,,,,,,,,4.7498643,-74.0591868,osm,,,
4153630420,node,D1,,,,,,,,,,,,4.9388769,-75.7384092,osm,,,
4180933094,node,D1,D1,,,,,,,,,,https://d1.com.co/,4.6979374,-74.0427787,osm,,,
4181177389,node,D1,D1,,,Calle 109,,,,,,,https://d1.com.co/,4.6946408,-74.0496642,osm,,,
4294498799,node,D1,D1,,,,,,,,,,https://d1.com.co/,4.6442149,-74.1299325,osm,,,
4301425546,node,Tienda D1,,,,Avenida 6 Norte,,Cali,,,Mo-Su 09:00-20:00,,,3.4655944,-76.5303649,osm,,,
4301425548,node,D1,,,,,,,,,,,,3.4608359,-76.5276022,osm,,,
4319808010,node,D1 Guayabal,,D1,,Calle 9 Sur,,Medellín,,050023,Mo-Fr 9:00-19:00; Sa-Su 10:00-18:00,,,6.2009656,-75.5889166,osm,,,
4346644428,node,Tienda D1,,,,,,,,,,,,4.5676637,-75.7502752,osm,,,
4356206867,node,D1,,,,,,,,,,,,4.7433696,-74.0580241,osm,,,
4363723491,node,D1,D1,,,,,,,,,,https://d1.com.co/,4.7480258,-74.0464015,osm,,,
4497757195,node,D1,D1,,,,,,,,,,https://d1.com.co/,4.6336157,-74.0730843,osm,,,
4543690189,node,D1,D1,,,Avenida Norte,47A-10,,,,,,,5.5550536,-73.3508385,osm,,,
4571192690,node,Tiendas D1,,,,,,,,,Mo-Su 07:00-20:00,,,3.0071491,-76.4823058,osm,,,
4580151589,node,D1,D1,,,,,,,,,,https://d1.com.co/,4.7498498,-74.0734081,osm,,,
4596950198,node,Tienda D1,,,,,,,,,,,,6.163919,-75.622271,osm,,,
4623922192,node,Tiendas D1 La 92,,Koba International Group,,Calle 92,50D-31,Medellín,,005004,Mo-Su 08:00-21:00,,https://domicilios.tiendasd1.com/?utm_source=google&utm_medium=sem&utm_campaign=domicilios&utm_term=clicks_cpc&utm_content=sem-seasonal&gad_source=1&gclid=Cj0KCQiAwbitBhDIARIsABfFYIKCxAMWbOVPD0KYehv4F1rhC0a7P8ZfBT8jHsfGCXzUsLq-gvjd6tQaApo6EALw_wcB,6.2833532,-75.5604981,osm,,,
4624673789,node,D1,,,,,,,,,Mo-Su 08:00-21:00,,,6.210062,-75.5763717,osm,,,
4635874890,node,D1,D1,,,Calle 12,17-116,,,,,,,4.7957236,-75.6912532,osm,,,
4636534723,node,D1,D1,,,,,,,,,,https://d1.com.co/,4.5946928,-74.1022631,osm,,,
4697614395,node,Tienda D1,,,,,,,,,,,,6.4359577,-75.3318002,osm,,,
4722369489,node,D1,D1,,,,,,,,,,,6.1735086,-75.3343609,osm,,,
4723462890,node,D1,D1,,,,,,,,,,,6.1747094,-75.3394672,osm,,,
4725214292,node,D1,D1,,,,,,,,,,,6.1766121,-75.3444386,osm,,,
4727005889,node,D1,,,,,,,,,,,,6.1307776,-75.3795787,osm,,,
4782017748,node,Tiendas D1,,,,,,,,,,,,4.5238198,-76.0360276,osm,,,
4785320141,node,D1,D1,,,,,,,,,,,6.6442238,-75.4611664,osm,,,
4790681622,node,D1,D1,,,Carrera 50,49 34,,,,Mo-Su 08:00-21:00,,http://www.tiendasd1.com,4.2635972,-75.9340334,osm,,,
4795577625,node,D1,D1,Tiendas D1,,Variante Condina,,,,,Mo-Sa 08:00-20:00,,http://www.tiendssd1.com,4.7642725,-75.6871982,osm,,,
4814727521,node,D1,D1,,,,,,,,,,https://d1.com.co/,4.6753736,-74.1347223,osm,,,
4827054332,node,D1,D1,,,,,,,,,,https://d1.com.co/,4.5714663,-74.0976543,osm,,,
4840617199,node,,,D1,,,,,,,,,,4.7518978,-74.0918755,osm,,,
4888197434,node,D1,D1,,,,,,,,,,https://d1.com.co/,4.6178419,-74.0835961,osm,,,
4889877321,node,D1,,,,,,,,,,,,3.4519649,-76.5370156,osm,,,
4936329521,node,D1,,,,,,,,,,,,4.154936,-76.2866509,osm,,,
4951675833,node,D1,,,,,,,,,,,,6.2642098,-75.596644,osm,,,
4969112421,node,D1,,,,,,,,,,,,6.2216938,-75.5802303,osm,,,
5072217965,node,D1,D1,,,,,,,,,,https://d1.com.co/,4.7045652,-74.0502275,osm,,,
5090246221,node,D1,,,,,,,,,,,,5.5455184,-73.3599185,osm,,,
5127009669,node,D1,D1,,,Calle 161,,,,,,,,4.7366502,-74.022263,osm,,,
5131767305,node,D1,D1,,,Calle 162,,,,,,,https://d1.com.co/,4.7379029,-74.0259275,osm,,,
5131867211,node,D1,D1,,,Avenida Calle 161,,,,,,,https://d1.com.co/,4.74012,-74.0410362,osm,,,
5133786379,node,D1,D1,,,Avenida Carrera 7,,,,,Mo-Su 08:00-21:00; PH 08:00-20:00,,https://d1.com.co/,4.6367404,-74.0634152,osm,,,
5148182851,node,D1,D1,,,Avenida Carrera 70,,,,,,,https://d1.com.co/,4.6746908,-74.0982432,osm,,,
5159761195,node,D1,D1,,,Calle 138,,,,,,,https://d1.com.co/,4.7239459,-74.0522206,osm,,,
5159860628,node,D1,D1,,,Avenida Carrera 50,,,,,,,https://d1.com.co/,4.6776007,-74.0661825,osm,,,
5171852808,node,D1,D1,,,Calle 10,,,,,Mo-Su 08:00-21:00,,,4.7124043,-74.2262303,osm,,,
5178411724,node,D1,D1,,,Calle 51,,,,,,,https://d1.com.co/,4.6401253,-74.0759104,osm,,,
5209139586,node,D1,D1,,,Avenida Calle 13,,,,,,,https://d1.com.co/,4.6054882,-74.0816007,osm,,,
5209154463,node,D1,D1,,,Avenida Carrera 27,,,,,,,https://d1.com.co/,4.5903319,-74.1081831,osm,,,
5214856563,node,D1,D1,,,Avenida Carrera 13,,,,,,,https://d1.com.co/,4.6108987,-74.0727489,osm,,,
5230915284,node,D1,D1,,,Avenida Calle 63,15-18,,,,,,https://d1.com.co/,4.6500185,-74.0659549,osm,,,
5250722027,node,D1,D1,,,TransMilenio,,,,,,,https://d1.com.co/,4.6372925,-74.1549825,osm,,,
5252831548,node,D1,D1,,,Carrera 69,,,,,,,https://d1.com.co/,4.6120424,-74.1350065,osm,,,
5273979922,node,D1,,,,,,,,,,,,3.4847516,-76.4906604,osm,,,
5316723648,node,D1,,,,,,,,,,,,3.2661487,-76.5376569,osm,,,
5316724408,node,Tiendas D1 El Ingenio,D1,,,,,,,,08:00-21:00,+57 322 6041648,https://d1.com.co,3.3830247,-76.5254707,osm,,,
5316726750,node,D1,,,,,,,,,,,,3.4315841,-76.4977687,osm,,,
5322718974,node,D1,D1,,,,,,,,Mo-Su 09:00-21:00,,https://d1.com.co/,4.7406379,-74.1136304,osm,,,
5349612723,node,D1,D1,,,,,,,,,,,2.4537157,-76.5998311,osm,,,
5364519805,node,D1,D1,,,,,,,,,,,6.2165131,-75.2387369,osm,,,
5372965320,node,D1,,,,,,,,,,,,4.8289654,-75.6823078,osm,,,
5421594127,node,D1,D1,,,,,,,,,,https://d1.com.co/,4.7412889,-74.063973,osm,,,
5438366873,node,D1,D1,Tiendas D1,,,,,,,,,https://d1.com.co/,4.6111439,-74.2058767,osm,,,
5451269821,node,D1,,,,,,,,,,,,3.433526,-76.538874,osm,,,
5460739222,node,D1,,,,,,,,,Mo-Su 08:00-21:00,,,6.5011803,-75.7424307,osm,,,
5481518021,node,Tienda D1,D1,,,Carrera 11,,,,,Mo-Su 07:00-21:00,,,6.5526621,-73.132314,osm,,,
5483005024,node,D1,D1,,,,,,,,,,https://d1.com.co/,4.6874523,-74.0477903,osm,,,
5495009768,node,D1,D1,,,,,,,,,,https://d1.com.co/,4.7239356,-74.1147126,osm,,,
5532400204,node,Tiendas D1,,,,,,,,,,,,4.2096299,-76.1572811,osm,,,
5540623479,node,D1,D1,Tiendas D1,,,,,,,,,https://d1.com.co/,4.622159,-74.0770777,osm,,,
5548721140,node,D1,,,,,,,,,,,,6.1793008,-75.4429223,osm,,,
5548721288,node,D1,,,,,,,,,,,,6.1712576,-75.4902527,osm,,,
5790740877,node,D1,D1,,,,,,,,,,https://d1.com.co/,4.6546155,-74.1309764,osm,,,
5837992255,node,D1,,,,Carrera 10,,Girardot,,,,,,4.3038204,-74.8032156,osm,,,
5838963427,node,D1,,,,,,,,,,,,5.7689806,-72.9403224,osm,,,
5846107546,node,D1,,,,,,,,,,,,6.133089,-75.4025348,osm,,,
5897227290,node,Tienda D1,,,,Carrera 7 u,,,,,Mo-Su 08:00-21:20,,,3.4526096,-76.4727314,osm,,,
5902125964,node,D1,,De1 de todos,,,,,,,"Mo-Su,PH 08:00-19:30",,,5.5503472,-73.3596146,osm,,,
5906469740,node,D1,D1,,,,,,,,,,,4.6327663,-74.1486877,osm,,,
5906804085,node,D1,D1,,,,,,,,,,,4.5750942,-75.6447998,osm,,,
5924065386,node,D1,D1,,,,,,,,,,,6.2412685,-75.5861093,osm,,,
5966993988,node,,,Tiendas D1,,,,,,,,,,3.4090124,-76.5488063,osm,,,
5984184785,node,Tienda D1,,,,,,,,,,,,4.8669662,-75.6203984,osm,,,
6026292538,node,D1,D1,Tiendas D1,,Carrera 19,,Bogotá,,,Mo-Su 08:00-20:00,,https://d1.com.co/,4.6241995,-74.0737462,osm,,,
6074050573,node,D1,,,,,,,,,,,,2.4885292,-76.5788849,osm,,,
6101007061,node,Tiendas D1,,,,,,,,,,,,4.9290199,-74.1722787,osm,,,
6174428988,node,D1,,,,Diagonal 75B,,,,,Mo-Su 07:00-21:00,,http://www.tiendasd1.com,6.2092542,-75.5936275,osm,,,
6204653532,node,D1,D1,,,,,,,,,,,2.4490556,-76.6114879,osm,,,
6219074925,node,Tienda D1,,,,,,Santa Rosa de Cabal,,,,,,4.870394,-75.6284012,osm,,,
6321075586,node,D1,D1,,,Diagonal 25,36,,,,,,,4.3308515,-74.3790229,osm,,,
6327359287,node,D1,D1,,,,,,,,,,,6.2749466,-75.582912,osm,,,
6327383889,node,D1,D1,,,,,,,,,,,6.2748481,-75.5830094,osm,,,
6328222876,node,D1,D1,,,Carrera 13A,33-58,,,,,,https://d1.com.co/,4.6209444,-74.0681897,osm,,,
6336857560,node,D1,,D1,,,,,,,,,,4.5710585,-74.2372554,osm,,,
6347941985,node,D1,,,,,,,,,,,,5.6301566,-73.5265977,osm,,,
6366327952,node,D1,,,,Calle 1,,Cali,,,Mo-Su 09:00-21:00,,,3.4249406,-76.5524776,osm,,,
6368080891,node,D1,,,,,,,,,,,,6.5602856,-73.1397104,osm,,,
6374956514,node,D1,D1,,,,,,,,,,https://d1.com.co/,4.7003204,-74.0813066,osm,,,
6460216755,node,D1,D1,D1,,Calle 53C Sur,43-74,Sabaneta Antioquia,,,,,,6.157919,-75.6040195,osm,,,
6535705788,node,Tiendas D1,,,,,,,,,,,,6.294635,-75.0268708,osm,,,
6577551185,node,Tiendas D1,,,,,,,,,,,,5.4629519,-74.6554059,osm,,,
6594492785,node,Tiendas D1,,,,,,,,,,,,8.4250321,-76.7825721,osm,,,
6601601085,node,D1,D1,,,,,,,,,,https://d1.com.co/,4.6079301,-74.0711052,osm,,,
6637941015,node,D1,D1,,,,,,,,,,https://d1.com.co/,4.592467,-74.1022284,osm,,,
6638968285,node,D1,D1,,,,,,,,,,https://d1.com.co/,4.6670908,-74.1211439,osm,,,
6680880485,node,Tiendas D1,,,,,,,,,,,,7.8810214,-72.4879473,osm,,,
6681267687,node,D1,,,,,,,,,,,,5.0342478,-73.9924726,osm,,,
6709037085,node,D1,D1,,,,,Calima,,,,,,3.4840984,-76.4970875,osm,,,
6718988628,node,D1,D1,,,2E 76,Carrera 11,Pereira,,660001,Mo-Su 08:00-21:00,,http://tiendasd1.com,4.8092005,-75.6775644,osm,,,
6718996627,node,D1,D1,,,,,,,,Mo-Su 08:00-21:00,,http://tiendasd1.com,4.8077917,-75.7251133,osm,,,
6718996628,node,D1,D1,,,5 22,Calle 63,Pereira - Risaralda - Colombia,,660000,Mo-Su 08:00-21:00,,http://tiendasd1.com,4.8049455,-75.6978124,osm,,,
6718996990,node,D1,D1,,,Calle 14,,Pereira,,,Mo-Su 08:00-21:00,,http://tiendasd1.com,4.8025841,-75.6915334,osm,,,
6718999403,node,D1,D1,,,,,,,,Mo-Su 08:00-21:00,,http://tiendasd1.com,4.8132979,-75.6903948,osm,,,
6719000270,node,D1,D1,,,Carrera 9,,Pereira,,660002,Mo-Su 08:00-21:00,,http://tiendasd1.com,4.8133914,-75.6988826,osm,,,
6719000966,node,D1,D1,,,,,,,,Mo-Su 08:00-21:00,,http://tiendasd1.com,4.8107507,-75.6938964,osm,,,
6719002783,node,D1,D1,,,5 22,Calle 63,,,,Mo-Su 08:00-21:00,,http://tiendasd1.com,4.8041846,-75.7410513,osm,,,
6719003046,node,D1,,,,5 22,Calle 63,,,,Mo-Su 08:00-21:00,,http://tiendasd1.com,4.7864255,-75.7251656,osm,,,
6719003155,node,D1,D1,,,,,,,,Mo-Su 08:00-21:00,,http://tiendasd1.com,4.8036271,-75.7380239,osm,,,
6719003250,node,D1,,,,,,,,,Mo-Su 08:00-21:00,,http://tiendasd1.com,4.8106478,-75.7523216,osm,,,
6719007753,node,D1,,,,5 22,Calle 63,,,,Mo-Su 08:00-21:00,,http://tiendasd1.com,4.8216364,-75.7301818,osm,,,
6719008287,node,D1,,,,5 22,Calle 63,,,,Mo-Su 08:00-21:00,,http://tiendasd1.com,4.7925677,-75.7107917,osm,,,
6719008490,node,D1,,,,5 22,Calle 63,,,,Mo-Su 08:00-21:00,,http://tiendasd1.com,4.8061723,-75.805255,osm,,,
6719008654,node,D1,D1,,,Carrera 13,,Pereira,,660002,Mo-Su 08:00-21:00,,http://tiendasd1.com,4.8122003,-75.7067591,osm,,,
6719008655,node,D1,D1,,,5 22,Calle 63,El Poblado,,660004,Mo-Su 08:00-21:00,,http://tiendasd1.com,4.8006676,-75.7087387,osm,,,
6719016822,node,D1,D1,,,5 22,Calle 63,,,,,,,4.8090281,-75.6803083,osm,,,
6719023573,node,D1,,,,5 22,Calle 63,,,,Mo-Su 08:00-21:00,,http://tiendasd1.com,4.8154254,-75.7126209,osm,,,
6727664964,node,D1,D1,,,,,,,,,,,6.2131903,-75.5708037,osm,,,
6759866186,node,D1,D1,,,,,,,,,,,6.213216,-75.5707037,osm,,,
6824072551,node,Tiendas D1,,,,Carrera 7,,Barbosa,,,,,,5.9284337,-73.6180526,osm,,,
6932976230,node,D1,D1,,,,,,,,,,,7.1241761,-73.1185298,osm,,,
6970233297,node,D1,D1,,,Carrera 36,10B-100,,,,,,,6.2114008,-75.5649448,osm,,,
6987504094,node,Tiendas D1,,,,,,,,,,,,7.2451718,-76.4378539,osm,,,
6987832285,node,D1,,,,,,,,,,,,11.2222102,-74.2065358,osm,,,
6988596985,node,D1,,,,,,,,,,,,11.2360871,-74.1921128,osm,,,
6988602985,node,D1,D1,,,,,,,,,,,11.2374392,-74.1888002,osm,,,
7008558585,node,D1,D1,,,,,,,,,,,10.4308106,-75.5326121,osm,,,
7048148740,node,D1,D1,,,,,,,,,,,4.2860017,-74.7751683,osm,,,
7053089941,node,Tiendas D1,,,,,,,,,,,,6.0319804,-75.4362035,osm,,,
7064962152,node,D1,D1,,,,,,,,,,,4.5225268,-75.6477699,osm,,,
7072770585,node,Tiendas D1,,,,Carrera 65D,32C-31,,,,Mo-Su 07:00-21:00; PH 08:00-21:00,,,6.2372195,-75.5853479,osm,,,
7099223689,node,D1,D1,,,,,,,,,,,4.6317051,-74.4641364,osm,,,
7157647318,node,D1,D1,,,,,,,,,,,4.5007496,-75.7205105,osm,,,
7194386805,node,D1,D1,,,Calle 60 Sur,,Sabaneta Antioquia,,,Mo-Su 07:00-21:00; PH 08:00-21:00,,,6.1546807,-75.6067343,osm,,,
7201937985,node,Tiendas D1,,,,Carrera 69,30A-73,,,,,,,6.233393,-75.5894727,osm,,,
7202393192,node,D1,,,,,,,,,,,,4.6234413,-74.4708816,osm,,,
7240989333,node,D1,D1,,,,,,,,,,,7.1343293,-73.1176337,osm,,,
7254330126,node,D1,D1,,,Calle 62 Sur,,Sabaneta,,,,,,6.1551054,-75.6116358,osm,,,
7330357472,node,D1,D1,,,,,,,,,,,6.2692883,-75.5442112,osm,,,
7330654174,node,D1,D1,D1,,,,,,,,,,6.2847585,-75.5593661,osm,,,
7333188688,node,D1,D1,,,,,,,,,,,6.2665493,-75.5657513,osm,,,
7337305663,node,D1,D1,,,,,,,,,,,6.2622908,-75.5951286,osm,,,
7337305677,node,D1,D1,,,,,,,,,,,6.2657708,-75.5933184,osm,,,
7337374705,node,D1,D1,,,,,,,,,,,6.2374837,-75.5965271,osm,,,
7348952139,node,Tienda D1,,,,,,,,,,,,6.3055651,-75.5679329,osm,,,
7352018616,node,D1,D1,,,,,,,,,,,6.2026488,-75.6012408,osm,,,
7353455547,node,D1,,,,,,,,,"Mo-Su,PH 08:00-21:00",,,6.2637556,-75.571336,osm,,,
7428354585,node,D1,D1,,,,,,,,,,https://d1.com.co/,4.7017049,-74.11731,osm,,,
7435510854,node,D1,D1,,,,,,,,,,https://d1.com.co/,4.7097815,-74.2153305,osm,,,
7490756593,node,D1,,,,,,,,,,,,2.123153,-76.9791007,osm,,,
7644742463,node,Tienda D1,,,,,,,,,,,,4.116658,-73.5890164,osm,,,
7667718598,node,TIENDAS D1,,,"Cra. 15 #10-1 #10-99 a, Caicedonia, Valle del Cauca, Colombia",,,Caicedonia,,762540,,,,4.3333487,-75.8290704,osm,,,
7692609920,node,D1,D1,,,,,,,,,,,11.0217109,-74.8624835,osm,,,
7706077629,node,D1,D1,,,,,,,,,,,6.2249124,-75.5967628,osm,,,
7717189785,node,,,JC D11-4,,,,,,,,,,4.8843187,-74.0283002,osm,,,
7938549360,node,Tienda D1,,,,,,,,,,,,2.5693103,-72.6448068,osm,,,
8132345536,node,D1,,,,,,,,,,,,2.4852465,-76.5819442,osm,,,
8255890959,node,D1,D1,,,,,,,,"PH,Mo-Su 08:00-21:00+",,,12.5783098,-81.7008429,osm,,,
8270601141,node,D1,D1,,,,,,,,,,https://d1.com.co/,4.6803482,-74.1357653,osm,,,
8353845829,node,D1,D1,,,,,,,,,,https://d1.com.co/,4.7031216,-74.0921416,osm,,,
8384768517,node,D1,D1,,,,,,,,,,https://d1.com.co/,4.5795163,-74.0800672,osm,,,
8402778021,node,D1,D1,,,,,,,,,,,10.3914,-73.0291472,osm,,,
8425380811,node,D1,D1,,,,,,,,,,,2.4384414,-76.6050223,osm,,,
8454866117,node,D1,D1,,,,,,,,,,https://d1.com.co/,4.708537,-74.1368942,osm,,,
8459243617,node,D1,D1,,,,,,,110231,Mo-Su 08:00-21:00,,https://d1.com.co/,4.6502746,-74.0556787,osm,,,
8483291152,node,Tiendas D1,,,,,,,,,,,,2.5599179,-72.6395777,osm,,,
8522507691,node,D1,D1,,,,,,,,,,https://d1.com.co/,4.7443027,-74.1286284,osm,,,
8532707771,node,D1,D1,,,,,,,,,,,6.230831,-75.5926793,osm,,,
8560990418,node,Tienda D1,,,,Carrera 3,21-69,La Dorada,,175030,Mo-Su 09:00-21:00,,,5.459825,-74.6657508,osm,,,
8592763146,node,D1,,,,,,,,,,,,2.4463162,-76.6116296,osm,,,
8622709967,node,D1,D1,,,,,,,,,,,7.0901383,-73.1095258,osm,,,
8626983346,node,Tiendas D1,,,,,,,,,,,,5.0731719,-75.5250451,osm,,,
8629943217,node,Tiendas D1,,,,Calle 115,4-3,,,,,,http://tiendasd1.com,11.1494737,-74.2212152,osm,,,
8699723064,node,D1,D1,,,,,,,,,,https://d1.com.co/,4.7437952,-74.1408587,osm,,,
8712519667,node,D1,D1,d1,,hatogrande,,cajica,,,Mo-Su 09:00-21:00,,,4.9189168,-74.0142058,osm,,,
8712687255,node,Tiendas D1,,,,Calle 20A,,"Santa Barbara, Pasto",,,Mo-Su 08:00-20:00,,,1.2008412,-77.2611744,osm,,,
8713475390,node,D1,D1,Koba Colombia,,Carrera 4,,Guachetá,,,Mo-Su 09:00-21:00,,,5.3847029,-73.6866566,osm,,,
8723079229,node,D1,D1,,,,,,,,,,,3.8778242,-77.0211105,osm,,,
8729507776,node,Tiendas D1,D1,,,,,,,,,,,1.3841733,-77.1562908,osm,,,
8739860714,node,D1,D1,,,,,,,,Mo-Su 07:00-20:00,,,7.9188212,-72.4867207,osm,,,
8750477641,node,TIENDAS D1,,,,,,,,,,,,7.0615421,-73.1067322,osm,,,
8780106618,node,D1,D1,,,,,,,,,,https://d1.com.co/,4.7059699,-74.093427,osm,,,
8787353619,node,Tiendas D1,,,,,,,,,,,,4.8785816,-72.8961764,osm,,,
8870955670,node,Tiendas D1,,,,,,,,,,,https://d1.com.co/,4.4280542,-75.7196432,osm,,,
8910225528,node,D1,D1,,,Avenida 19 de Enero,,Armenia,,,,,,4.5678333,-75.6510939,osm,,,
8929348005,node,D1,D1,,,,,,,,,,https://d1.com.co/,4.7209327,-74.0450283,osm,,,
8972737127,node,Tiendas D1,,,,,,,,,,,,3.5843342,-76.4963759,osm,,,
9007484374,node,D1,D1,,,,,,,,,,,4.5451261,-75.6628288,osm,,,
9081190287,node,Tiendas D1,,,,,,,,,,,,6.2734341,-75.5534125,osm,,,
9081194965,node,Tiendas D1,,,,,,,,,,,,6.2704615,-75.5567261,osm,,,
9092381518,node,D1,,,,,,,,,,,,6.2333219,-75.1602975,osm,,,
9198270000,node,Tienda D1,,,,,,,,,,,,6.2526135,-75.5967893,osm,,,
9198830345,node,D1,D1,,,,,,,,,,,6.2581639,-75.5980764,osm,,,
9198830346,node,D1,D1,,,,,,,,,,,6.2576875,-75.5978207,osm,,,
9211417458,node,Tiendas D1,,,,,,,,,,,,6.2607888,-75.5887478,osm,,,
9216335387,node,D1,D1,Tiendas D1,,Carrera 4,3-75,Fómeque,,251640,,,,4.4851524,-73.8937858,osm,,,
9234224824,node,D1,D1,,,,,,,,,,,5.3280264,-72.4076366,osm,,,
9234319300,node,D1,,,,,,,,,,,,3.4028516,-76.5407811,osm,,,
9254137052,node,D1,D1,,,,,,,,,,,8.2672989,-73.3645755,osm,,,
9293819714,node,D1,D1,,,,,,,,,,https://d1.com.co/,4.7168338,-74.0297009,osm,,,
9309094346,node,D1,D1,,,,,,,,,,,7.8891187,-75.669781,osm,,,
9318978189,node,D1,,,,,,,,,"Mo-Su,PH 08:00-21:00",,,4.6379407,-75.5706228,osm,,,
9364061730,node,Tiendas D1,,,,Carrera 35,,,,,,,,7.1111825,-73.1087961,osm,,,
9371400817,node,Tienda D1,,,,Carrera 7,7,,,,Mo-Su 07:00-21:00,,,5.7895464,-75.7856827,osm,,,
9382716617,node,Tienda D1,,,,Circular 3,,,,,Mo-Su 08:00-21:00,,,6.2454266,-75.5916222,osm,,,
9402649642,node,D1,,,,,,,,,,,,3.4342272,-76.4952548,osm,,,
9402653409,node,D1,,,,,,,,,,,,3.4582847,-76.4828651,osm,,,
9402662000,node,D1,,,,,,,,,,,,3.2312868,-76.5095153,osm,,,
9403941020,node,Tienda D1,,,,,,,,,Mo-Su 06:00-21:00,,,7.0659489,-73.1683407,osm,,,
9404090823,node,Tienda D1,,,,,,,,,,,,6.3145481,-73.9484167,osm,,,
9404551480,node,D1,,,,,,,,,,,,3.432094,-76.5088241,osm,,,
9404615429,node,D1,,,,,,,,,,,,3.4317876,-76.5022302,osm,,,
9404661169,node,D1,,,,,,,,,,,,3.4793806,-76.5189093,osm,,,
9404664800,node,D1,,,,,,,,,,,,3.4815558,-76.4996374,osm,,,
9408693317,node,Tienda D1,,,,Calle 17 Norte,,,,,Mo-Su 07:00-21:00,,,7.1531018,-73.1340424,osm,,,
9413746217,node,D1,D1,,,Calle 33,,,,,Mo-Sa 07:00-20:00; Su 08:00-18:00,,,7.1209344,-73.1251448,osm,,,
9416635317,node,Tienda D1,,,,Carrera 5,,,,,Mo-Fr 06:00-20:00; Sa 06:00-21:00; Su 06:00-19:00,,,6.9850631,-73.0520087,osm,,,
9424052417,node,Tienda D1,,,,Carrera 5,6-43,,,,Mo-Su 07:00-21:00,,,6.5550242,-73.1267016,osm,,,
9425601328,node,D1,,,,,,,,,,,,4.8627621,-74.0462782,osm,,,
9426899029,node,D1,D1,,,,,,,,,,,4.5074194,-75.6905002,osm,,,
9438276716,node,D1,,,,,,,,,,,,3.481473,-76.4994959,osm,,,
9450315617,node,D1,D1,,,Carrera 12 (Avenida Santander),,,,,Mo-Su 07:00-21:00,,,6.5550718,-73.1392532,osm,,,
9459030517,node,D1,,,,Avenida del Libertador,24-??,,,,Mo-Su 07:00-21:00,,,11.2408744,-74.1877364,osm,,,
9466543417,node,D1,,,,,,,,,Mo-Su 07:00-21:00,,,11.006461,-74.2509288,osm,,,
9469483517,node,D1,,,,Vía 40,,,,,Mo-Su 07:00-21:00,,,11.0253466,-74.8032293,osm,,,
9470359420,node,D1,,,,,,,,,Mo-Su 07:00-20:00,,,10.9882233,-74.9581064,osm,,,
9476607119,node,D1,D1,,,Avenida Daniel Lemaitre,,,,,Mo-Su 07:00-21:00,,,10.4232277,-75.5478511,osm,,,
9487067017,node,D1,D1,,,Calle 31D,,,,,Mo-Su 07:00-20:00,,,10.4065311,-75.4900903,osm,,,
9492898517,node,D1,D1,,,Carrera 53,,,,,Mo-Sa 08:00-21:00; Su 08:00-20:00,,https://d1.com.co/,4.6491261,-74.0871189,osm,,,
9496678617,node,D1,D1,,,,,,,,,,https://d1.com.co/,4.6694405,-74.0546973,osm,,,
9498663617,node,D1,D1,,,Avenida Carrera 15,,,,,,,https://d1.com.co/,4.6595541,-74.0611749,osm,,,
9499411617,node,D1,D1,,,Calle 40B,,,,,,,https://d1.com.co/,4.6277107,-74.0667157,osm,,,
9499411618,node,D1,D1,,,,,,,,Mo-Sa 08:00-21:00; Su 08:00-20:00,,https://d1.com.co/,4.6005597,-74.0700398,osm,,,
9501137417,node,D1,D1,,,Avenida Carrera 14,,,,,Mo-Sa 07:00-21:00; Su 08:00-21:00,,https://d1.com.co/,4.6360766,-74.067382,osm,,,
9501838317,node,D1,D1,,,Carrera 14,,,,,Mo-Su 08:00-21:00,,https://d1.com.co/,4.6658285,-74.0566435,osm,,,
9503248117,node,D1,D1,,,Avenida Carrera 30,,,,,Mo-Su 08:00-21:00,,https://d1.com.co/,4.6603353,-74.0778926,osm,,,
9505698818,node,D1,D1,,,Avenida Carrera 45,,,,,Mo-Su 07:00-20:00,,https://d1.com.co/,4.691377,-74.0570831,osm,,,
9505699017,node,D1,D1,,,Avenida Carrera 45,,,,,Mo-Sa 07:00-20:00; Su 08:00-20:00,,https://d1.com.co/,4.6952072,-74.0552377,osm,,,
9506341219,node,D1,D1,,,Avenida Carrera 20,87-51,,,,Mo-Su 08:00-21:00,,https://d1.com.co/,4.6758191,-74.0596081,osm,,,
9517952681,node,D1,D1,,,,,,,,,,,6.6487996,-75.4592104,osm,,,
9560891217,node,D1,D1,,,,,,,,,,,6.2399919,-75.5815817,osm,,,
9583258117,node,D1,D1,,,,,,,,,,,6.2502239,-75.5909078,osm,,,
9583401217,node,D1,D1,,,,,,,,"Mo-Su,PH 08:00-21:00",,,6.2437766,-75.6111811,osm,,,
9584075762,node,D1,,,,,,,,,,,,8.7427222,-75.8918617,osm,,,
9631661022,node,D1,D1,,,,,,,,,,,7.9257922,-72.5204885,osm,,,
9665917772,node,D1,D1,,,,,,,,,,,4.5420884,-75.6725047,osm,,,
9720690917,node,D1,,,,,,,,,,,,6.244965,-75.6083491,osm,,,
9738500018,node,D1,D1,,,,,,,,,,,6.2295932,-75.5730727,osm,,,
9783811029,node,Tienda D1,,,,,,,,,,,,4.8062375,-75.7332483,osm,,,
9842150229,node,D1,D1,,,Calle 19B,33-46,,,,Mo-Su 08:00-21:00,,https://d1.com.co/,4.6220729,-74.0899922,osm,,,
9862135417,node,D1,,,,,,,,,,,,6.0944494,-75.488171,osm,,,
9936382323,node,D1,,,,,,,,,,,,11.5322917,-72.9178354,osm,,,
9977255422,node,D1,,,,,,,,,,,,4.5265005,-75.6825054,osm,,,
10010386217,node,D1,D1,,,,,,,,Mo-Su 07:00-21:00,,,10.440923,-75.5275042,osm,,,
10059721125,node,D1,D1,,,,,,,,,,,6.1592165,-75.5996614,osm,,,
10059742817,node,D1,D1,,,Aurora Cll.64 #104-69 Medellin,,Comuna 7 - Robledo,,050036,Mo-Su 09:00-21:00,,,6.2809614,-75.6139593,osm,,,
10062198117,node,D1,,,,,,,,,,,,6.1715432,-75.6410194,osm,,,
10092392640,node,D1,D1,,,,,,,,,,,4.5140362,-75.6979996,osm,,,
10098636565,node,Tienda D1,,,,,,,,,,,,10.902848,-74.8018967,osm,,,
10099535458,node,D1,D1,,,,,,,,,,,11.1908586,-74.2257552,osm,,,
10099923404,node,D1,D1,,,Cl. 6ª #26,,,,,,,,4.8204687,-73.1668367,osm,,,
10101244417,node,D1,D1,,,,,,,,,,https://d1.com.co/,4.6237371,-74.1310066,osm,,,
10103605768,node,Tienda D1 Troncal,D1,,,,,,,,,,,11.1888434,-74.2162468,osm,,,
10131523819,node,D1,,,,Carrera 7,,Pereira,,660002,,,,4.8155891,-75.7030079,osm,,,
10134557996,node,D1,,,,,,,,,,,,3.4806258,-76.4976941,osm,,,
10166933848,node,D1,D1,,,Calle 42,74-18,,,,,,,6.2484305,-75.5939784,osm,,,
10183953691,node,D1,,,,,,,,,,,,9.2605688,-74.7774159,osm,,,
10183960493,node,D1,,,,,,,,,,,,9.3162942,-75.2930336,osm,,,
10201778830,node,D1,,,,,,,,,,,,9.3228187,-75.2971587,osm,,,
10238104764,node,D1,,,,,,,,,,,,8.8828257,-75.7933484,osm,,,
10238198749,node,D1,D1,,,,,,,,,,https://d1.com.co/,4.6775796,-74.051666,osm,,,
10253874712,node,D1,D1,,,,,,,,,,https://d1.com.co/,4.6573304,-74.0575685,osm,,,
10268692228,node,,D1,,,,,,,,"Mo-Su,PH 09:00-20:00",,,4.6174482,-74.066197,osm,,,
10268739772,node,D1,D1,,,Cl. 6 Nte. #17,,,,,Mo-Su 07:00-21:00,,,7.9037359,-72.4967024,osm,,,
10289669637,node,D1,D1,,,Avenida Circunvalar,,Pereira,,660001,,,,4.8083753,-75.6794785,osm,,,
10289716094,node,D1,D1,,,Calle 15,,Pereira,,660003,,,,4.8095825,-75.6912587,osm,,,
10316689060,node,D1,,,,,,,,,,,,6.092999,-75.6367423,osm,,,
10555185310,node,D1,,,,Carrera 13,,Pereira,,660002,,,,4.8122959,-75.7077484,osm,,,
10555435562,node,D1,,,,,,,,,,,,6.1501026,-75.5310309,osm,,,
10555492830,node,D1,,,,,,,,,,,,6.1519024,-75.3682742,osm,,,
10590325805,node,D1,,,,,,,,,,,,6.029959,-75.4310996,osm,,,
10595337105,node,D1,D1,,,,,,,,,,,4.6134286,-74.0685639,osm,,,
10605296406,node,D1,,,,,,,,,,,,4.645596,-74.0637134,osm,,,
10620977536,node,D1,,,,,,,,,,,,6.2643081,-75.5579404,osm,,,
10687164725,node,D1,,,,,,,,,,,,4.7179455,-74.0327159,osm,,,
10697757909,node,D1,,,,,,,,,,,,1.227006,-77.2871113,osm,,,
10713210660,node,D1,D1,,,,,,,,,,,4.6762861,-74.0468987,osm,,,
10713427008,node,D1,,,,,,,,,,,,4.6402755,-74.0647685,osm,,,
10760104019,node,Tiendas D1,,,,,,,,,,,,11.5460517,-72.9039648,osm,,,
10771375900,node,Tiendas D1,,,,,,,,,,,,3.7223375,-76.2700438,osm,,,
10790576341,node,D1,D1,,,,,,,,,,,5.1976332,-74.8967162,osm,,,
10797319721,node,D1,D1,,,,,,,,,,,4.5277203,-75.7146285,osm,,,
10800481761,node,Tiendas D1,,,,,,,,,,,,7.8368655,-72.4644405,osm,,,
10800481893,node,Tiendas D1,,,,,,,,,,,,7.8572073,-72.4660731,osm,,,
10806584938,node,D1,D1,,,,,,,,,,,4.7251491,-74.1338874,osm,,,
10827458984,node,D1,D1,,,,,,,,,,,3.3851138,-76.5239512,osm,,,
10872573905,node,D1,,,,,,,,,,,,5.0680541,-74.5987907,osm,,,
10920451305,node,D1,,,,,,,,,,,,5.0492517,-75.4802532,osm,,,
10920710706,node,D1,,,,,,,,,,,,5.0553842,-75.4873259,osm,,,
10932072971,node,Tiendas D1,,,,Carrera 10,,Barbosa,,,,,,5.9353486,-73.6145737,osm,,,
10935378205,node,D1,,,,,,,,,,,,5.0530725,-75.4891461,osm,,,
10944499228,node,D1,D1,,,Carrera 15,,Bostón,,660004,,,,4.8080202,-75.6966317,osm,,,
10945029478,node,D1,D1,,,,,,,,,,,4.707236,-74.2313854,osm,,,
10968485805,node,D1,,,,,,,,,,,,4.4137588,-76.1527703,osm,,,
10978021305,node,D1,,,,,,,,,,,,5.4200101,-75.703547,osm,,,
10979945950,node,D1,D1,,,,,,,,,,,8.9940269,-73.9712139,osm,,,
10981473436,node,D1,,,,,,,,,,,,4.9641851,-73.9157286,osm,,,
10981483907,node,D1,,,,,,,,,,,,3.4507838,-76.5424734,osm,,,
11008621406,node,D1,,,,,,,,,,,,6.2419042,-75.598967,osm,,,
11009023505,node,D1,,,,,,,,,"PH,Mo-Su 08:00-21:00",,,6.2513992,-75.5703259,osm,,,
11012987605,node,D1,,,,,,,,,,,,6.2361443,-75.6020796,osm,,,
11018928801,node,D1,D1,,,,,,,,,,,4.5609732,-75.6526858,osm,,,
11026207806,node,D1,,,,,,,,,,,,11.2442471,-73.5588784,osm,,,
11028924806,node,D1,,,,,,,,,,,,2.9534722,-75.2977278,osm,,,
11092592905,node,D1,,,,,,,,,,,,2.1951829,-75.6310309,osm,,,
11110251710,node,D1,,,,,,,,,,,,6.2765118,-75.5889148,osm,,,
11115394005,node,tiendas D1,,,,,,,,,,,,3.548197,-76.30989,osm,,,
11134409617,node,D1,D1,,,,,,,,,,,4.470093,-75.7543305,osm,,,
11141655330,node,D1 de Llanaditas,Tienda D1,,,,,,,,Mo-Su 08:00-21:00,,,6.252001,-75.5429664,osm,,,
11159575626,node,Tiendas D1,,,,Calle 13,,,,,,,,3.4074499,-76.5351409,osm,,,
11207743659,node,D1,,,,,,,,,,,,6.2514163,-75.5704704,osm,,,
11213846663,node,D1,D1,,,,,,,,,,,6.2763577,-75.4404248,osm,,,
11369607870,node,D1,D1,,,Carrera 78,,,,,,,,4.6547886,-74.1306819,osm,,,
11396299733,node,D1,D1,,,,,,,,,,,4.5423707,-75.690511,osm,,,
11401580473,node,Tienda D1,,,,Cl. 146 # 80,69,,,,Mo-Su 08:00-21:00,,"https://d1.com.co
Tiendas D1",4.7375184,-74.0766204,osm,,,
11415711406,node,D1,D1,,,,,,,,,,,8.7506572,-75.8979361,osm,,,
11423583770,node,Tiendas D1,,,,,,,,,,,,4.7374132,-74.0829282,osm,,,
11430337552,node,D1,,,,,,,,,,,,4.5094734,-74.117754,osm,,,
11438981057,node,D1,D1,,,,,,,,,,,6.2114096,-75.5848451,osm,,,
11453120156,node,D1,D1,,,,,,,,"Mo-Su,PH 07:00-21:00",,,4.5390737,-75.697044,osm,,,
11470934193,node,D1,,,,,,,,,,,,2.6403417,-76.5271915,osm,,,
11529022680,node,D1,,,,,,,,,,,,3.4181385,-76.5282109,osm,,,
11558340463,node,D1,,,,,,,,,,,,6.1428101,-75.371342,osm,,,
11569959541,node,D1,D1,,,Calle 107,,Barranquilla,,,,,,11.0142229,-74.8365669,osm,,,
11704933270,node,D1,D1,,,,,,,,,,,7.8994522,-72.5003894,osm,,,
11796247181,node,Tiendas D1,,,,,,,,,,,,3.5353575,-76.2975115,osm,,,
11813150977,node,Tiendas D1,,,,,,,,,,,,4.706866,-74.0714721,osm,,,
11826600129,node,D1,D1,,,,,,,,,,,6.8488881,-75.8175095,osm,,,
11826601743,node,D1,D1,,,,,,,,,,,6.1703262,-75.6167601,osm,,,
11840407995,node,D1,D1,,,,,,,,,,,6.2481485,-75.5972419,osm,,,
11848885464,node,D1,D1,,,Calle 44 #95 - 53,,,,,Mo-Su 08:00-21:00,,,6.2551866,-75.6120004,osm,,,
11850570509,node,D1,D1,,,,,,,,,,,6.1340764,-75.6341271,osm,,,
11887891073,node,D1,D1,,,,,,,,,,,6.279862,-75.587235,osm,,,
11903505018,node,D1,D1,,,,,,,,,,,6.4913398,-74.3997701,osm,,,
11904934456,node,Tiendas D1,,,,Calle 56,,Bucaramanga,,,,,,7.1078717,-73.1183627,osm,,,
11916376308,node,D1,D1,,,,,,,,,,,4.7238432,-74.0722392,osm,,,
11920910187,node,D1,D1,,,,,,,,,,,3.2572208,-76.545666,osm,,,
11961657806,node,D1,D1,,,,,,,,,,,6.3382044,-75.5411766,osm,,,
12033418981,node,Tienda D1,,,,,,,,,,,,2.9142334,-75.2748673,osm,,,
12048659291,node,Tiendas D1,,,,,,,,,,,,8.9476364,-75.4443885,osm,,,
12072262680,node,Tiendas D1,,,,,,,,,Mo-Su 09:00-21:00,000000,,6.1118563,-75.7108926,osm,,,
12077203775,node,D1,D1,,,,,,,,,,,3.2651574,-76.55786,osm,,,
12077656560,node,D1,D1,,,,,,,,,,,10.3950253,-75.4894431,osm,,,
12081195102,node,Tiendas D1,,,,,,,,,,,,3.2656621,-76.5320986,osm,,,
12083752569,node,Tiendas D1,,,,,,,,,Mo-Su 09:00-21:00,,,6.0740549,-75.3315739,osm,,,
12084009871,node,Tienda D1,,,,,,,,,Mo-Su 07:00-18:00,,,6.2860919,-75.6080299,osm,,,
12084033884,node,D1,D1,,,,,,,,,,,3.2599074,-76.5436041,osm,,,
12094353402,node,D1,D1,,,,,,,,"Mo-Su,PH 08:00-21:00",,,0.8281061,-77.6548203,osm,,,
12097361015,node,D1,D1,,,,,,,,,,,6.1693531,-75.3372873,osm,,,
12097361092,node,D1,D1,,,,,,,,,,,6.1700083,-75.3295676,osm,,,
12106633325,node,Tienda D1,,,,,,,,,,,,4.6227345,-74.1096639,osm,,,
12134272192,node,D1,D1,,,,,,,,,,,11.0195588,-74.8040952,osm,,,
12190982361,node,D1,D1,,,,,,,,,,,10.4632545,-73.2305658,osm,,,
12194334443,node,D1,D1,,,,,,,,,,,4.5537157,-75.6571822,osm,,,
12206122816,node,D1,D1,,,,,,,,,,,7.1019841,-73.1060575,osm,,,
12216445142,node,D1,D1,,,,,,,,,,,4.909373,-74.0277937,osm,,,
12223080754,node,D1,D1,,,,,,,,,,,5.0584759,-75.4830279,osm,,,
12223130207,node,D1,D1,,,,,,,,,,,5.0672307,-75.4886863,osm,,,
12240542724,node,D1,D1,,,,,,,,,,,4.9174411,-74.0233869,osm,,,
12273432802,node,Tienda D1,,,,,,,,,,,,4.7365294,-74.0745644,osm,,,
12288644004,node,D1,D1,,,,,,,,,,,4.512727,-76.2383518,osm,,,
12295736800,node,D1,D1,,,,,,,,,,,4.5371495,-75.669106,osm,,,
12312293502,node,D1,,,,,,,,,,,,5.0702164,-75.4945505,osm,,,
12321525838,node,D1,D1,,,,,,,,,,,4.7321905,-74.0450395,osm,,,
12323685749,node,D1,D1,,,,,,,,,,,7.0957478,-73.1083949,osm,,,
12328816459,node,D1,,,,,,,,,,,,6.2576365,-75.5853627,osm,,,
12343825589,node,D1,D1,,,,,,,,,,,7.0874769,-73.1041767,osm,,,
12343825600,node,,,D1,,,,,,,,,,7.0873532,-73.1041008,osm,,,
12351489966,node,D1,D1,,,,,,,,,,,7.0695096,-73.1071305,osm,,,
12364891101,node,D1,,,,Vía Aguas Claras - El Carmen de Viboral,,,,,Mo-Su 08:00-20:00,,https://d1.com.co/,6.0812062,-75.3422344,osm,,,
12389258966,node,D1,D1,,,,,,,,,,,4.6540461,-74.0539842,osm,,,
12407913601,node,D1,,,,,,,,,,,,4.623212,-75.7670452,osm,,,
12421946232,node,D1,D1,,,Carrera 64,98,Barranquilla,,,,,,11.0186318,-74.8221489,osm,,,
12438026001,node,D1,,,,,,,,,,,,11.2336942,-74.2135701,osm,,,
12438874107,node,D1,D1,,,,,Oiba,,,,,,6.2654971,-73.3003823,osm,,,
12449650886,node,D1,,,,Vía 40,107-40,Barranquilla,,,Mo-Su 07:00-21:00,01 8000 120201,https://d1.com.co/,11.0394061,-74.8252215,osm,,,
12453673620,node,D1,D1,,,,,,,,,,,3.4748256,-76.5002402,osm,,,
12467706585,node,Tiendas D1,D1,,,,,,,,,,,4.7625215,-74.0432628,osm,,,
12483455875,node,Tienda D1,,,,,,,,,"Mo-Su,PH 07:00-21:00",,,6.1613649,-75.6423686,osm,,,
12507585767,node,D1,D1,D1,,,,,,,,,,4.5807725,-74.2164951,osm,,,
12526854029,node,D1,D1,,,,,,,,,,,2.452873,-76.6024068,osm,,,
12560191501,node,D1,,,,,,,,,,,,11.2659841,-74.1908731,osm,,,
12560517218,node,Tienda D1,,,,,,,,,,,,9.5250418,-75.5843525,osm,,,
12563440001,node,D1,,,,,,,,,,,,11.2401584,-74.2112315,osm,,,
12563473601,node,D1,,,,,,,,,,,,11.2039523,-74.2246057,osm,,,
12578952601,node,D1,D1,,,,,,,180002,,,,1.6036909,-75.5948972,osm,,,
12587596701,node,D1,,,,,,,,,Mo-Su 08:00-21:00,,,6.149249,-75.3680137,osm,,,
12599744122,node,D1,D1,D1,,Calle 48C Sur,,Bogotá,,,,,,4.5783211,-74.1306365,osm,,,
12669305201,node,D1,,,,,,,,,,,,6.1931683,-75.577601,osm,,,
12706124412,node,D1,,,,,,,,,,,,6.2021675,-75.5566509,osm,,,
12715062599,node,D1,D1,,,,,,,,,,,5.0728555,-75.5201742,osm,,,
12715074503,node,D1,D1,,,,,,,,,,,5.0654096,-75.5056442,osm,,,
12729259012,node,D1,D1,,,,,,,,,,,4.7528648,-74.058282,osm,,,
12778962223,node,D1,D1,,,,,,,,,,,11.0158768,-74.8777403,osm,,,
12805261201,node,D1,,,,,,,,,,,,6.1865289,-72.4693869,osm,,,
12806694587,node,Tiendas D1,,,,,,,,,,,,7.116498,-73.1085613,osm,,,
12814753715,node,D1,D1,,,,,,,,,,,5.2430328,-75.7812634,osm,,,
12814753718,node,D1,D1,,,,,,,,,,,5.2319675,-75.7873341,osm,,,
12815823332,node,D1,D1,,,,,,,,,,,4.6136403,-74.2102028,osm,,,
12824607973,node,D1,D1,,,,,,,,,,,7.1137994,-73.1139926,osm,,,
12845275402,node,D1,,,,,,,,,,,,6.6355334,-73.2222022,osm,,,
12845277801,node,D1,,,,,,,,,Mo-Su 07:00-21:00,,,6.8148908,-73.2692514,osm,,,
12856635601,node,D1,,,,,,,,,,,,6.485487,-75.0200078,osm,,,
12865155103,node,D1,,,,,,,,,,,,6.2274786,-75.4907592,osm,,,
12876218801,node,D1,,,,,,,,,,,,6.079145,-75.634897,osm,,,
12876219001,node,D1,,,,,,,,,,,,6.0403611,-75.7035388,osm,,,
12879290198,node,D1,D1,,,,,,,,,,,6.1621097,-75.635977,osm,,,
12900521601,node,D1,,,,,,,,,,,,5.4052372,-75.4879825,osm,,,
12908505001,node,D1,,,,,,,,,,,,5.2724084,-75.4904016,osm,,,
12911735701,node,D1,,,,,,,,,,,,5.1678408,-75.5212896,osm,,,
12920332902,node,D1,,,,,,,,,,,,4.2639974,-75.9348474,osm,,,
12925063901,node,D1,,,,,,,,,,,,4.098387,-76.2088254,osm,,,
12942539501,node,D1,,,,,,,,,,,,3.4453748,-76.536326,osm,,,
12942540502,node,D1,,,,,,,,,,,,3.4359098,-76.5342942,osm,,,
12946730910,node,D1,,,,,,,,,,,,3.2419826,-76.5543546,osm,,,
12947517501,node,D1,,,,,,,,,,,,3.0063543,-76.4871279,osm,,,
12951170126,node,D1,D1,,,Transversal 9,,Girardot,,252432,,,,4.3159827,-74.7927511,osm,,,
12962391801,node,D1,,,,,,,,,,,,1.6058302,-77.1299721,osm,,,
12974296386,node,D1,D1,,,,,,,,,,,10.4054894,-75.4658433,osm,,,
12983434455,node,D1,D1,,,,,,,,,,,4.611676,-74.2016225,osm,,,
12984662902,node,D1,,,,,,,,,Mo-Su 08:00-21:00,,,0.8274754,-77.639349,osm,,,
12986984502,node,D1,,,,,,,,,Mo-Sa 07:00-21:00; Su 08:00-20:00,,,8.7329889,-75.8739857,osm,,,
12986990701,node,D1,,,,,,,,,,,,8.7465902,-75.8569009,osm,,,
13061076401,node,D1,,,,,,,,,Mo-Su 09:00-21:00,,https://d1.com.co/,4.2059706,-74.6416938,osm,,,
13101104711,node,D1,D1,,,,,,,,,,,6.2235846,-75.5724642,osm,,,
13112978404,node,D1,D1,,,,,,,,,,,2.4373349,-76.61595,osm,,,
13119502145,node,D1,D1,,,,,,,,,,,6.24936,-75.5994149,osm,,,
13119502149,node,D1,D1,,,,,,,,,,,6.2520107,-75.6069071,osm,,,
13120254390,node,D1,D1,,,,,,,,,,,6.2565673,-75.612593,osm,,,
13120425241,node,D1,,,,,,,,,,,,2.4770544,-76.5620359,osm,,,
13127865893,node,D1,D1,,,,,,,,,,,6.2518117,-75.5668292,osm,,,
13128311417,node,D1,,,,,,,,,,,,4.7315342,-74.0502602,osm,,,
268046220,way,Tiendas D1 - Filandia,D1,,,,,,,,,,,4.6741157,-75.6574296,osm,,,
275091515,way,D1,,,,,,,,,,,,6.2843193,-75.5771755,osm,,,
321917000,way,D1,D1,,,,,,,,,,,4.5298485,-75.6424588,osm,,,
323555437,way,Faster Pizza,D1,,,,,,,,,,,4.5347314,-75.6396394,osm,,,
323555442,way,D1,D1,,,,,,,,,,,4.5348119,-75.639615,osm,,,
330299608,way,D1,D1,,,,,,,,,,,4.531602,-75.692025,osm,,,
330998260,way,D1,D1,,,,,,,,,,,4.5391839,-75.6797397,osm,,,
340362134,way,D1,D1,,,,,,,,,,,4.5482831,-75.6758707,osm,,,
374040555,way,Supermercado D1 San Lucas,,KOBA Colombia S.A.S.,,Carrera 22,18A Sur - 135,Medellín,,050022,Mo-Sa 08:00-21:00; Su 09:00-20:00,,http://www.tiendasd1.com,6.180087,-75.5614568,osm,,,
377765989,way,D1,D1,,,,,,,,,,,6.2487673,-75.6085715,osm,,,
387033316,way,D1,,,,,,,,,,,,3.4212209,-76.552769,osm,,,
404727647,way,Tiendas D1,D1,,,,,,,,,,,4.6758964,-74.1440815,osm,,,
408071335,way,D1,D1,D1,,,,,,,"Mo-Su,PH 08:00-21:00",,,4.725378,-74.0329077,osm,,,
410391728,way,D1,,,,,12,,,,,,,4.7156626,-74.214945,osm,,,
412554484,way,D1,D1,,,,,,,,,,,4.749969,-74.0591717,osm,,,
440415319,way,D1,D1,,,,,,,,,,,6.2434132,-75.5940576,osm,,,
461758390,way,D1,D1,,,,,,,,,,,4.6811484,-74.1432583,osm,,,
465530599,way,Tienda D1,,,,,,,,,,,,5.3417367,-72.4010081,osm,,,
467674924,way,D1,,,,Calle 80,29-16,Pereira,,,Mo-Su 09:00-21:00,,www.tiendasd1.com,4.796233,-75.7416398,osm,,,
478121568,way,D1,,,,Calle 57,,Bogotá D.C.,,,,,,4.6450506,-74.072919,osm,,,
483665282,way,D1 Venecia,,D1,,Diagonal 49 Sur,,,,,Mo-Su 08:00-21:00,,,4.5915914,-74.1395214,osm,,,
527383584,way,D1,,,,Avenida Carrera 58,,,,,,,,4.7219938,-74.0668591,osm,,,
528133787,way,D1,,,,Calle 119,12-36,Bogotá D.C.,,,,,,4.6987857,-74.039408,osm,,,
528194919,way,D1,D1,,,Avenida Calle 100,,,,,,,,4.6886752,-74.0623707,osm,,,
528251634,way,D1,D1,,,Calle 82,,,,,,,,4.6684216,-74.0577763,osm,,,
528463409,way,D1,D1,,,Carrera 72A,,,,,,,,4.6871244,-74.0957073,osm,,,
529741093,way,Tiendas D1,,,,Carrera 69,,,,,,,,4.6907732,-74.0754556,osm,,,
529801612,way,Tiendas D1,D1,,,,,,,,,,,4.7104349,-74.0739014,osm,,,
530131609,way,Tiendas D1,D1,,,Avenida Carrera 24,,,,,Mo-Su 08:00-21:00,,https://www.d1.com.co/,4.6637032,-74.0663137,osm,,,
530407249,way,D1,D1,,,Calle 140,,,,,,,,4.7219354,-74.0432158,osm,,,
530577666,way,Tiendas D1,,,,Avenida Carrera 86,,,,,,,,4.6989353,-74.1038645,osm,,,
531305414,way,Tiendas D1,,,,Calle 129A,,,,,,,,4.7175377,-74.0674557,osm,,,
531348970,way,D1,D1,,,Calle 140,,,,,,,,4.7209172,-74.0395304,osm,,,
531355006,way,Tiendas D1,,,,Calle 93,,,,,,,,4.6819571,-74.0672986,osm,,,
531562975,way,Tiendas D1,,,,Carrera 85A,,,,,,,,4.7022851,-74.1006476,osm,,,
531825839,way,,D1,,,Avenida Calle 26,32A-60,,,,,,,4.6300734,-74.0824784,osm,,,
532016461,way,D1,,,,Carrera 102A,,,,,"Mo-Su,PH 08:00-22:00",,,4.731,-74.0993888,osm,,,
532071311,way,D1,D1,,,Carrera 94,,,,,,,,4.703595,-74.1094881,osm,,,
532977789,way,D1,,,,Avenida Suba,,,,,,,,4.7162614,-74.0730138,osm,,,
533054141,way,D1,,,,Calle 128,,,,,,,,4.7262232,-74.0985274,osm,,,
533185866,way,Tiendas D1,,,,Transversal 85,,,,,,,,4.6843449,-74.1106889,osm,,,
533210620,way,D1,D1,,,Avenida Suba,,,,,,,,4.7401001,-74.0876517,osm,,,
533254852,way,Tiendas D1,,,,Avenida Calle 80,24-45,,,,Mo-Su 08:00-20:00,,https://www.d1.com.co/,4.6690488,-74.0638509,osm,,,
533260349,way,Tiendas D1,,,,Carrera 64,,,,,,,,4.6761307,-74.0812053,osm,,,
536143217,way,Tiendas D1,,,,,,,,,,,,4.9854939,-75.6066241,osm,,,
540751516,way,D1,D1,,,Avenida Calle 24,,,,,,,,4.6367677,-74.0967146,osm,,,
540853873,way,D1,D1,,,Avenida Carrera 30,,,,,Mo-Su 08:00-21:00,,https://www.d1.com.co/,4.6399799,-74.0787275,osm,,,
541178406,way,D1,D1,,,Carrera 75,,,,,,,,4.6680773,-74.117917,osm,,,
541978210,way,Tiendas D1,,,,Calle 4G,,,,,,,,4.6268665,-74.1212186,osm,,,
542296243,way,D1,D1,,,Calle 57 Sur,,,,,,,,4.5657341,-74.1349805,osm,,,
543144420,way,D1,,,,Carrera 68G,,,,,,,,4.603568,-74.1387776,osm,,,
543151849,way,D1,D1,D1,,,,,,,,,,4.8281667,-74.3535788,osm,,,
543423981,way,D1,,,,Avenida Carrera 86,,"Bogotá, D.C.",,,,,,4.6319098,-74.1665613,osm,,,
546263208,way,D1,,,,,,,,,,,,6.2448132,-75.617481,osm,,,
546369598,way,D1,D1,,,Carrera 17,11 - 36,,,,Mo-Su 08:00-21:00,,http://tiendasd1.com,4.8210086,-75.6821815,osm,,,
548899887,way,D1,,,,,,,,,,,,6.1859346,-75.653324,osm,,,
550950589,way,D1,,,,,,,,,,,,4.6070833,-74.1857505,osm,,,
551507864,way,D1,D1,D1,,Avenida Calle 13,,,,,,,,4.5839657,-74.2197482,osm,,,
551515459,way,D1,D1,D1,,,,,,,,,,4.5906091,-74.1977037,osm,,,
559918948,way,Tiendas D1,D1,,,,,,,,,,,4.6813959,-74.1487146,osm,,,
569438720,way,Tiendas D1,,,,Calle 75 Norte,71267,,,,,,,3.489554,-76.4936469,osm,,,
576087138,way,Tiendas D1,,,,,,,,,,,,4.077722,-76.1947666,osm,,,
576088100,way,Tiendas D1,,,,,,,,,,,,4.0847214,-76.1940694,osm,,,
576090305,way,Tiendas D1,,,,,,,,,,,,4.08805,-76.1992896,osm,,,
576092841,way,Tiendas D1,,,,,,,,,,,,4.0897131,-76.2044254,osm,,,
576094193,way,Tiendas D1,,,,,,,,,,,,4.0740147,-76.199122,osm,,,
577320635,way,Tiendas D1,,,,,,,,,,,,4.1684859,-76.166964,osm,,,
583379141,way,D1,D1,,,,,,,,,,,4.4466982,-75.2456779,osm,,,
589269709,way,Tienda D1,,,,,,,,,,,,5.0653312,-75.5011702,osm,,,
597104231,way,D1,,,,Vía La Calera,,,,,,,,4.6606859,-74.0069022,osm,,,
630014090,way,D1,D1,,,,,,,,,,,7.0710055,-73.1043556,osm,,,
631925431,way,Tiendas D1,,,,,,,,,Mo-Su 09:00-21:00,,,3.4088499,-76.5487761,osm,,,
648316857,way,D1,,,,,,,,,,,,5.0721907,-75.6722525,osm,,,
660757712,way,D1,,,,,,,,,,,,4.755732,-74.0796629,osm,,,
668980519,way,Tiendas D1,,,,Avenida Carrera 60,,,,,,,,4.6705191,-74.0829174,osm,,,
674635262,way,D1,D1,,,,,,,,,,,10.9635133,-74.8094975,osm,,,
675058439,way,D1,D1,D1,,,,,,,,,,4.4951382,-74.2581562,osm,,,
681731562,way,Tiendas D1,,,,,,,,,,,,4.9291013,-74.1724071,osm,,,
683611576,way,D1,,,,,,,,,,,,4.5881658,-74.1172324,osm,,,
686230609,way,D1,,,,,,,,,,,,5.4020824,-73.3340776,osm,,,
693756664,way,Tiendas D1,,,,Calle 136,,Bogotá D.C.,,111111,,,,4.7221505,-74.0527744,osm,,,
698372405,way,D1,D1,,,Calle 84,47,Barranquilla,,,,,,11.0020822,-74.8186446,osm,,,
704386872,way,D1,D1,,,,,,,,,,,4.5940232,-74.1127975,osm,,,
712299731,way,D1,,,,,,,,,,,,4.7355052,-75.9051417,osm,,,
733457972,way,Senior's Mall,,Tiendas D1,,,,,,,,,,4.4699316,-75.7540616,osm,,,
775431573,way,,,Tienda D1,,,,,,,,,,6.1577885,-75.6038981,osm,,,
777870964,way,Tiendas D1,D1,D1,,Avenida Carrera 9,121-50,Bogotá D.C.,,,,,,4.6988823,-74.032769,osm,,,
780297985,way,D1,D1,,,Carrera 43,90,Barranquilla,,,,,,11.0011588,-74.8261047,osm,,,
781421104,way,D1,D1,,,,,,,,,,,4.5553711,-75.6512835,osm,,,
782273838,way,D1,,,,,,,,,,,,4.6303431,-74.1499679,osm,,,
784634064,way,D1,,,,,,Urrao,,,,,,6.316254,-76.1353904,osm,,,
784946245,way,D1,D1,,,,,,,,,,,6.2330271,-75.5970517,osm,,,
784950560,way,D1,D1,,,,,,,,,,,6.2196539,-75.6028702,osm,,,
785389131,way,D1,,,,,,,,,,,,9.2368665,-74.7451023,osm,,,
785960593,way,D1,D1,,,,,,,,,,,6.2132222,-75.6017681,osm,,,
788122258,way,D1,D1,D1,,Centro Historico Norte,Cra. 42F #79-38,Barranquilla,,,,,,10.9942506,-74.814499,osm,,,
791048608,way,D1,D1,,,Carrera 27,87,Barranquilla,,,,,,10.9771734,-74.8290569,osm,,,
802734307,way,D1,D1,KOBA COLOMBIA SAS,,,,,,,,,,2.4555227,-76.6397563,osm,,,
802734308,way,D1,D1,,,,,,,,,,,2.433912,-76.6206306,osm,,,
802734309,way,D1,D1,,,,,,,,,,,2.4857965,-76.560938,osm,,,
802734314,way,D1,D1,,,,,,,,,,,2.4614246,-76.5838983,osm,,,
813263832,way,D1,D1,D1,,,,,,,,,,4.8119878,-74.3501591,osm,,,
813264366,way,D1,D1,,,,,,,,,,,4.8174915,-74.3634215,osm,,,
813526849,way,D1,,,,,,,,,,,,4.5535028,-74.0846063,osm,,,
842933290,way,D1,D1,,,,,,,,,,,3.5391599,-76.3145884,osm,,,
852202396,way,D1,D1,,,,,,,,,,,1.8509041,-76.0475855,osm,,,
879480817,way,D1,,,,,,,,,,,,6.2384139,-75.5536272,osm,,,
898016995,way,Tienda D1 - Portal de Los Nogales,D1,,,Carrera 12A,,Soledad,,,24/7,,,10.9106425,-74.8105406,osm,,,
906927107,way,Tienda D1,,,,Carrera 30,,Arboletes,ANT,,Mo-Su 07:00-21:00,,,8.85372,-76.4273163,osm,,,
910120055,way,D1,D1,,,,,,,,,,,8.7588038,-75.8701279,osm,,,
910533145,way,D1,D1,,,,,,,,,,,4.7119577,-74.1270358,osm,,,
923259429,way,Tiendas D1,,,,,,,,,,,,3.4402389,-76.5263274,osm,,,
935906282,way,D1,D1,,,,,,,,,,,4.5531566,-74.5344034,osm,,,
940623636,way,D1,D1,,,Carrera 12,,Soledad,,,,,,10.9033689,-74.8060679,osm,,,
950207958,way,D1,D1,,,,,Buenaventura,,764504,,,,3.8808627,-77.0333914,osm,,,
962121868,way,Tienda D1,,,,,,,,,,,,5.8362928,-73.0359845,osm,,,
971464879,way,D1 Cajicá centro,D1,,,Calle 1,4 - 48,,,,08:00-21:00,,,4.9163265,-74.02598,osm,,,
986692976,way,D1,,,,,,,,,,,,6.2475938,-75.5512136,osm,,,
1018857017,way,Tiendas D1,,,,,,,,,,,,9.716978,-75.1217441,osm,,,
1029123948,way,D1,D1,,,,,,,,,,,6.2877842,-73.1464706,osm,,,
1036162441,way,D1,,,,,,,,,,,,3.9856535,-73.7666848,osm,,,
1041672683,way,D1,,,,,,,,,,,,7.8244437,-72.4727181,osm,,,
1042480483,way,D1,D1,,,Autopista Norte,,Copacabana,,,,,,6.3593769,-75.4982879,osm,,,
1043622613,way,D1,D1,,,Calle 30,,Don Matías,,,,,,6.4863036,-75.3953345,osm,,,
1069381404,way,D1,D1,D1,,,,,,,,,,3.5301489,-76.3056766,osm,,,
1092737562,way,D1,D1,,,,,,,,,,,5.1958635,-73.1459268,osm,,,
1097043901,way,D1,,,,,,,,,,,,4.7354015,-74.2704967,osm,,,
1098827491,way,D1,,,,,,,,,,,,4.5795431,-74.0865954,osm,,,
1101845970,way,D1,D1,,,,,,,,,,,4.7607468,-74.0334131,osm,,,
1103636599,way,D1,D1,,,Calle 56,4F-06,Soledad,,,,,,10.8954723,-74.7922502,osm,,,
1103700656,way,D1,D1,Tienda D1,,,,,,,,,,10.9085428,-74.7945008,osm,,,
1110329621,way,D1,D1,D1,,,,,,,,,,4.590252,-74.2060966,osm,,,
1120820648,way,D1,D1,,,,,,,,,,,1.6035638,-75.5949711,osm,,,
1123528532,way,D1,D1,,,,,,,,,,,7.8911854,-72.4908391,osm,,,
1149207205,way,D1,D1,,,,,,,,,,,11.1963207,-74.2282315,osm,,,
1156717264,way,Tiendas D1,,,,,,,,,,,,4.7922419,-75.7277234,osm,,,
1163516950,way,Tiendas D1,,,,,,,,,,,,4.0794219,-76.1968567,osm,,,
1169205810,way,D1,D1,,,,,,,,,,,9.0028291,-73.9739521,osm,,,
1175331022,way,Tiendas D1,,,,,,,,,,,,10.4072964,-75.551307,osm,,,
1193792227,way,D1,,,,,,,,,,,,4.6503147,-74.0858961,osm,,,
1196645540,way,Tiendas D1,,Tiendas D1,,,,,,,,,,10.3773508,-75.499757,osm,,,
1206710194,way,Tiendas D1,,Tiendas D1,,,,,,,,,,10.3906689,-75.4913881,osm,,,
1210873790,way,D1,D1,,,,,,,,,,,10.8053361,-74.9153459,osm,,,
1216292440,way,D1,D1,,,,,,,,,,,10.7944427,-74.9158831,osm,,,
1220635187,way,D1,D1,Supermercado,,Cl. 15 #8-125,Cl. 15,Facatativa,,,,,,4.8231791,-74.3582581,osm,,,
1221648421,way,D1,D1,,,,,,,,,,,10.5227087,-74.1857251,osm,,,
1221650490,way,D1,D1,,,,,,,,,,,10.5161944,-74.1995175,osm,,,
1224674354,way,D1,D1,D1,,,,,,,,,,4.7043252,-74.2140149,osm,,,
1225793865,way,D1,,,,,,,,,,,,5.0204113,-73.9992367,osm,,,
1229904713,way,Tiendas D1,,,,,,,,,,,,6.2835121,-75.5563378,osm,,,
1241486754,way,D1,D1,,,,,,,,,,,5.0722584,-75.52996,osm,,,
1247668264,way,D1,D1,,,,,,,,,,,4.550814,-75.6659446,osm,,,
1252667872,way,D1,,,,,,,,,,,,4.8162746,-72.2851926,osm,,,
1255667368,way,D1,D1,,,Calle 84A,82-20,,,,Mo-Su 07:00-20:00,,https://d1.com.co/,4.6657739,-74.0524611,osm,,,
1258044986,way,D1,D1,Tiendas D1,,,,,,,,,,4.7592976,-74.3805103,osm,,,
1268005923,way,D1,D1,D1,,,,,,,,,,4.8188198,-73.6357254,osm,,,
1272426527,way,Tiendas D1,,,,,,,,,,,,10.4082411,-75.4985116,osm,,,
1272642051,way,D1,D1,,,,,,,,,,,6.4899538,-74.4051417,osm,,,
1285006030,way,D1,D1,,,,,,,,,,,4.8175642,-75.6884834,osm,,,
1286012894,way,Tiendas D1,,,,,,,,,,,,3.5509668,-73.7118712,osm,,,
1290731122,way,D1,D1,,,,,,,,,,,4.5223764,-75.6931244,osm,,,
1292954602,way,D1,D1,,,,,,,,,,,4.4446752,-75.1911613,osm,,,
1300114716,way,D1,D1,,,Avenida Calle 17,Carrera 1A,Pitalito,,,,,,1.8548264,-76.0376371,osm,,,
1300114717,way,D1,D1,,,Calle 22 Sur,Carrera 2A,Pitalito,,,,,,1.8450232,-76.0667873,osm,,,
1312302342,way,Tienda D1,,,,,,,,,Mo-Su 08:00-20:00,,,6.0572674,-73.4796191,osm,,,
1321714130,way,tiendas D1,,,,,,,,,8 am 9 pm,,,4.8532645,-74.2629884,osm,,,
1324695847,way,D1,D1,,,,,,,,,,,4.74858,-74.0832494,osm,,,
1328392938,way,D1,D1,Tiendas D1,,,,,,,,,,4.7969608,-74.3350396,osm,,,
1328392941,way,Tiendas D1 Calle 3,,Tiendas D1,,,,,,,,,,4.8088638,-74.3517923,osm,,,
1329211871,way,D1,D1,,,,,,,,,,,4.5843353,-74.0963615,osm,,,
1329213177,way,D1,D1,,,,,,,,,,,4.5805746,-74.0914453,osm,,,
1330518852,way,D1,D1,,,,,,,,,,,4.5117222,-75.6971712,osm,,,
1331975781,way,D1,D1,,,Carrera 43,84,Barranquilla,,,,,,10.9980368,-74.8198167,osm,,,
1333249355,way,Tiendas D1,,,,,,,,,,,,3.4120061,-76.5590687,osm,,,
1334238669,way,D1,D1,,,,,,,,,,,7.088633,-73.1037765,osm,,,
1339076489,way,D1,D1,,,Carrera 6,,,,,,,,5.0694706,-73.8761204,osm,,,
1342184220,way,D1,D1,D1,,Calle 7B,,Fusagasugá,,,,,,4.342847,-74.3628905,osm,,,
1343920014,way,D1,D1,,,,,,,,,,,4.5278689,-75.6414306,osm,,,
1346185845,way,D1,D1,,,,,,,,,,,5.1035061,-73.8001779,osm,,,
1353732561,way,D1,D1,,,,,,,,,,,2.4501287,-76.6281446,osm,,,
1356998596,way,D1,D1,,,,,,,,,,,3.4813172,-76.4995546,osm,,,
1358108502,way,D1,,,,,,Pore,,,,,,5.7301289,-71.9998432,osm,,,
1359390162,way,Tiendas D1,,,,,,,,,Mo-Sa 08:00-20:00,,,5.1703259,-72.5512174,osm,,,
1360724239,way,D1,D1,,,,,,,,,,,8.7613733,-75.8767078,osm,,,
1362011799,way,Tiendas D1,,,,,,,,,,,,5.3093004,-72.4132096,osm,,,
1362432769,way,D1,D1,,,,,,,,Mo-Su 08:00-21:00,,,3.4421118,-76.5409946,osm,,,
1370366872,way,D1,D1,,,,,,,,,,,7.1282646,-73.1187049,osm,,,
1374784774,way,D1,D1,,,,,,,,,,,4.7528324,-74.0580977,osm,,,
1375104434,way,D1,D1,,,Carrera 6,,,,,,,,4.7340555,-74.261134,osm,,,
1381847135,way,Tiendas D1,,Koba International Group,,,,,,,,,,2.7786261,-75.2568678,osm,,,
1383897735,way,D1,D1,,,,,,,,,,,10.3996735,-75.4570419,osm,,,
1390231169,way,D1,D1,,,,,,,,,,,4.6985044,-74.0513747,osm,,,
1390817695,way,D1,D1,,,,,,,,,,,4.6282494,-74.2087936,osm,,,
1396635566,way,D1,D1,,,,,,,,,,,7.0871775,-73.122212,osm,,,
1410080569,way,D1,D1,,,,,,,,,,,4.5960777,-74.1751301,osm,,,
1410471184,way,D1,D1,,,,,,,,,,,1.6168348,-75.6152754,osm,,,
1410471185,way,D1,D1,,,,,,,,,,,1.6211164,-75.6091246,osm,,,
1410471187,way,D1,D1,,,,,,,,,,,1.6232667,-75.5965356,osm,,,
1410471189,way,D1,D1,,,,,,,,,,,1.6084804,-75.6038606,osm,,,
1410471194,way,D1,D1,,,,,,,,,,,1.6180187,-75.630894,osm,,,
1410719147,way,D1,,,,,,,,,,,,4.5715874,-74.2130122,osm,,,
1410729205,way,D1,D1,,,,,,,,,,,4.5735598,-74.2142794,osm,,,
1411597666,way,D1,D1,,,,,,,,,,,4.5801802,-74.1995385,osm,,,
1412812256,way,D1,D1,,,,,,,,,,,4.5878447,-74.1896314,osm,,,
1418722766,way,D1,D1,,,,,,,,,,,4.5781085,-74.1083431,osm,,,
1419230417,way,D1,D1,,,,,,,,,,,6.0807487,-75.3342162,osm,,,
1421058736,way,D1,D1,,,,,,,,,,,7.0632774,-73.1461917,osm,,,
1422178389,way,D1,D1,,,,,,,,,,,7.1020363,-73.1061742,osm,,,
1422593500,way,D1,D1,,,,,,,,,,,7.1336793,-73.1248654,osm,,,
1425072049,way,D1,D1,,,,,,,,,,,6.6990627,-73.5109978,osm,,,
1427600671,way,D1,D1,,,,,,,,"Mo-Su,PH 08:00-21:00",,,6.3362685,-75.5708096,osm,,,
1429369752,way,D1,D1,,,Transversal 72D,,Bogotá,,,,,,4.6016094,-74.1467972,osm,,,
19231854,relation,Tienda D1,,,,,,,,,,,,6.2679122,-75.6283604,osm,,,
,,Tiendas D1,,,,,,,,,,,,7.880276,-76.6332222,sucursales24,Cra. 100 #94-76,Apartadó,https://www.sucursales24.com.co/apartado/tiendas-d1/cra-100-94-76-0/
,,Tiendas D1,,,,,,,,,,,,7.8800806,-76.6350012,sucursales24,Cra. 103 #97a-28,Apartadó,https://www.sucursales24.com.co/apartado/tiendas-d1/cra-103-97a-28-1/
,,Tiendas D1,,,,,,,,,,,,7.8791359,-76.6089512,sucursales24,Carrera 76 Y Calle 102 C,Apartadó,https://www.sucursales24.com.co/apartado/tiendas-d1/carrera-76-y-calle-102-c-2/
,,Tiendas D1,,,,,,,,,,,,4.5316696,-75.6920561,sucursales24,Cl 30 #31 - 35,Armenia,https://www.sucursales24.com.co/armenia/tiendas-d1/cl-30-31---35-12/
,,Tiendas D1,,,,,,,,,,,,4.537726,-75.6719624,sucursales24,Cl. 14 #18-05,Armenia,https://www.sucursales24.com.co/armenia/tiendas-d1/cl-14-18-05-2/
,,Tiendas D1,,,,,,,,,,,,4.5265885,-75.6825084,sucursales24,Cl. 36 #18-35,Armenia,https://www.sucursales24.com.co/armenia/tiendas-d1/cl-36-18-35-14/
,,Tiendas D1,,,,,,,,,,,,4.5427478,-75.6901266,sucursales24,Cl. 22 #40-57,Armenia,https://www.sucursales24.com.co/armenia/tiendas-d1/cl-22-40-57-8/
,,Tiendas D1,,,,,,,,,,,,4.5199227,-75.7008026,sucursales24,Cl. 50 #37-19,Armenia,https://www.sucursales24.com.co/armenia/tiendas-d1/cl-50-37-19-11/
,,Tiendas D1,,,,,,,,,,,,4.5413016,-75.6641801,sucursales24,Av. Bolívar #4-4,Armenia,https://www.sucursales24.com.co/armenia/tiendas-d1/av-bolivar-4-4-5/
,,Tiendas D1,,,,,,,,,,,,4.5446008,-75.6629019,sucursales24,Av. Bolívar #1-23,Armenia,https://www.sucursales24.com.co/armenia/tiendas-d1/av-bolivar-1-23-6/
,,Tiendas D1,,,,,,,,,,,,4.5391999,-75.6794238,sucursales24,Cl. 21 #25-75,Armenia,https://www.sucursales24.com.co/armenia/tiendas-d1/cl-21-25-75-9/
,,Tiendas D1,,,,,,,,,,,,4.5419532,-75.6724747,sucursales24,Cl. 11 #21a-55,Armenia,https://www.sucursales24.com.co/armenia/tiendas-d1/cl-11-21a-55-7/
,,Tiendas D1,,,,,,,,,,,,4.5312399,-75.6736984,sucursales24,Cra. 13 #22-41,Armenia,https://www.sucursales24.com.co/armenia/tiendas-d1/cra-13-22-41-3/
,,Tiendas D1,,,,,,,,,,,,4.5443425,-75.6659964,sucursales24,Cra. 19 #1-5 ,Armenia,https://www.sucursales24.com.co/armenia/tiendas-d1/cra-19-1-5-0/
,,Tiendas D1,,,,,,,,,,,,4.5524997,-75.6520829,sucursales24,Cra. 6 #19n - 75,Armenia,https://www.sucursales24.com.co/armenia/tiendas-d1/cra-6-19n---75-1/
,,Tiendas D1,,,,,,,,,,,,7.0412772,-73.8346864,sucursales24,Cl. 37 #62-89,Barrancabermeja,https://www.sucursales24.com.co/barrancabermeja/tiendas-d1/cl-37-62-89-4/
,,Tiendas D1,,,,,,,,,,,,4.5418713,-75.6670409,sucursales24,Cra. 18 #5-9,Armenia,https://www.sucursales24.com.co/armenia/tiendas-d1/cra-18-5-9-13/
,,Tiendas D1,,,,,,,,,,,,7.0641356,-73.8593921,sucursales24,Cl. 54 #18-2,Barrancabermeja,https://www.sucursales24.com.co/barrancabermeja/tiendas-d1/cl-54-18-2-1/
,,Tiendas D1,,,,,,,,,,,,4.5338423,-75.6721787,sucursales24,Cra. 14 #18n-50 ,Armenia,https://www.sucursales24.com.co/armenia/tiendas-d1/cra-14-18n-50-4/
,,Tiendas D1,,,,,,,,,,,,7.0614779,-73.8583039,sucursales24,Cra. 19 #51-61,Barrancabermeja,https://www.sucursales24.com.co/barrancabermeja/tiendas-d1/cra-19-51-61-0/
,,Tiendas D1,,,,,,,,,,,,7.0515082,-73.8256111,sucursales24,Cra. 64 #44 B - 87,Barrancabermeja,https://www.sucursales24.com.co/barrancabermeja/tiendas-d1/cra-64-44-b---87-5/
,,Tiendas D1,,,,,,,,,,,,4.5373242,-75.6689957,sucursales24,Cra 15 #11-35,Armenia,https://www.sucursales24.com.co/armenia/tiendas-d1/cra-15-11-35-10/
,,Tiendas D1,,,,,,,,,,,,7.076797,-73.8539178,sucursales24,Cl. 72 #21-90,Barrancabermeja,https://www.sucursales24.com.co/barrancabermeja/tiendas-d1/cl-72-21-90-2/
,,Tiendas D1,,,,,,,,,,,,7.0662086,-73.8333145,sucursales24,Dg. 59 #41-19 ,Barrancabermeja,https://www.sucursales24.com.co/barrancabermeja/tiendas-d1/dg-59-41-19-3/
,,Tiendas D1,,,,,,,,,,,,10.937334,-74.8078439,sucursales24,Calle 50c #3-35,Barranquilla,https://www.sucursales24.com.co/barranquilla/tiendas-d1/calle-50c-3-35-5/
,,Tiendas D1,,,,,,,,,,,,10.952951,-74.7738138,sucursales24,Cl. 17 #13-35,Barranquilla,https://www.sucursales24.com.co/barranquilla/tiendas-d1/cl-17-13-35-14/
,,Tiendas D1,,,,,,,,,,,,11.0284477,-74.8665106,sucursales24,Cl. 14 #16-27,Barranquilla,https://www.sucursales24.com.co/barranquilla/tiendas-d1/cl-14-16-27-18/
,,Tiendas D1,,,,,,,,,,,,10.982598,-74.781652,sucursales24,Cl. 40 #43-84,Barranquilla,https://www.sucursales24.com.co/barranquilla/tiendas-d1/cl-40-43-84-6/
,,Tiendas D1,,,,,,,,,,,,10.9393108,-74.7995238,sucursales24,Cl. 45 #4-123,Barranquilla,https://www.sucursales24.com.co/barranquilla/tiendas-d1/cl-45-4-123-8/
,,Tiendas D1,,,,,,,,,,,,10.9870735,-74.8218723,sucursales24,Cl. 80b #39-39,Barranquilla,https://www.sucursales24.com.co/barranquilla/tiendas-d1/cl-80b-39-39-7/
,,Tiendas D1,,,,,,,,,,,,11.0070467,-74.8258567,sucursales24,Cl. 93 #49c-42,Barranquilla,https://www.sucursales24.com.co/barranquilla/tiendas-d1/cl-93-49c-42-13/
,,Tiendas D1,,,,,,,,,,,,10.9683139,-74.8028465,sucursales24,Cra 21b #58-71,Barranquilla,https://www.sucursales24.com.co/barranquilla/tiendas-d1/cra-21b-58-71-19/
,,Tiendas D1,,,,,,,,,,,,10.990203,-74.8108131,sucursales24,Cl. 74 #41-6,Barranquilla,https://www.sucursales24.com.co/barranquilla/tiendas-d1/cl-74-41-6-17/
,,Tiendas D1,,,,,,,,,,,,10.9840301,-74.7958157,sucursales24,Cra. 41 #57-34,Barranquilla,https://www.sucursales24.com.co/barranquilla/tiendas-d1/cra-41-57-34-2/
,,Tiendas D1,,,,,,,,,,,,10.9512249,-74.7996211,sucursales24,Cl. 45 #10-65,Barranquilla,https://www.sucursales24.com.co/barranquilla/tiendas-d1/cl-45-10-65-15/
,,Tiendas D1,,,,,,,,,,,,10.9943053,-74.8145916,sucursales24,Cra. 42f #79-38,Barranquilla,https://www.sucursales24.com.co/barranquilla/tiendas-d1/cra-42f-79-38-12/
,,Tiendas D1,,,,,,,,,,,,11.0010959,-74.8259639,sucursales24,Cra. 43 #90-60,Barranquilla,https://www.sucursales24.com.co/barranquilla/tiendas-d1/cra-43-90-60-11/
,,Tiendas D1,,,,,,,,,,,,11.0028098,-74.8208962,sucursales24,Cra. 47 #85-13,Barranquilla,https://www.sucursales24.com.co/barranquilla/tiendas-d1/cra-47-85-13-9/
,,Tiendas D1,,,,,,,,,,,,11.0040815,-74.8151149,sucursales24,Cra. 51 #82-42,Barranquilla,https://www.sucursales24.com.co/barranquilla/tiendas-d1/cra-51-82-42-0/
,,Tiendas D1,,,,,,,,,,,,10.9914856,-74.7844828,sucursales24,Cra. 52 #46-64,Barranquilla,https://www.sucursales24.com.co/barranquilla/tiendas-d1/cra-52-46-64-1/
,,Tiendas D1,,,,,,,,,,,,11.0118074,-74.8086049,sucursales24,Cra. 64 #81-62,Barranquilla,https://www.sucursales24.com.co/barranquilla/tiendas-d1/cra-64-81-62-10/
,,Tiendas D1,,,,,,,,,,,,10.9549438,-74.8179631,sucursales24,Cra. 9 #110-187,Barranquilla,https://www.sucursales24.com.co/barranquilla/tiendas-d1/cra-9-110-187-3/
,,Tiendas D1,,,,,,,,,,,,6.3368669,-75.5501676,sucursales24,Av. 42b #51-51,Bello,https://www.sucursales24.com.co/bello/tiendas-d1/av-42b-51-51-13/
,,Tiendas D1,,,,,,,,,,,,10.9459414,-74.7945178,sucursales24,Cra. 8 #38b-51,Barranquilla,https://www.sucursales24.com.co/barranquilla/tiendas-d1/cra-8-38b-51-4/
,,Tiendas D1,,,,,,,,,,,,11.038551,-74.8278155,sucursales24,Cra 82 #107 - 40,Barranquilla,https://www.sucursales24.com.co/barranquilla/tiendas-d1/cra-82-107---40-16/
,,Tiendas D1,,,,,,,,,,,,6.3419578,-75.5646737,sucursales24,Carrera 59 #27b-301,Bello,https://www.sucursales24.com.co/bello/tiendas-d1/carrera-59-27b-301-7/
,,Tiendas D1,,,,,,,,,,,,6.3352801,-75.5645353,sucursales24,Cl. 52c #57-38,Bello,https://www.sucursales24.com.co/bello/tiendas-d1/cl-52c-57-38-8/
,,Tiendas D1,,,,,,,,,,,,6.3378939,-75.5559612,sucursales24,Cl. 54 #46-63,Bello,https://www.sucursales24.com.co/bello/tiendas-d1/cl-54-46-63-6/
,,Tiendas D1,,,,,,,,,,,,6.3401129,-75.5616934,sucursales24,Cl. 58 #54-61,Bello,https://www.sucursales24.com.co/bello/tiendas-d1/cl-58-54-61-10/
,,Tiendas D1,,,,,,,,,,,,6.3458647,-75.5636023,sucursales24,Cl. 64 #103-5,Bello,https://www.sucursales24.com.co/bello/tiendas-d1/cl-64-103-5-14/
,,Tiendas D1,,,,,,,,,,,,6.3470089,-75.5670848,sucursales24,Cl. 65 #64-32,Bello,https://www.sucursales24.com.co/bello/tiendas-d1/cl-65-64-32-16/
,,Tiendas D1,,,,,,,,,,,,6.3414483,-75.5652813,sucursales24,Cl. 58 #59-66,Bello,https://www.sucursales24.com.co/bello/tiendas-d1/cl-58-59-66-0/
,,Tiendas D1,,,,,,,,,,,,6.348743,-75.5685232,sucursales24,Cra. 65a #68-31,Bello,https://www.sucursales24.com.co/bello/tiendas-d1/cra-65a-68-31-18/
,,Tiendas D1,,,,,,,,,,,,6.3318357,-75.5547947,sucursales24,Cra. 47 #45-15,Bello,https://www.sucursales24.com.co/bello/tiendas-d1/cra-47-45-15-15/
,,Tiendas D1,,,,,,,,,,,,6.3380415,-75.5590313,sucursales24,Cra. 50 #54-59,Bello,https://www.sucursales24.com.co/bello/tiendas-d1/cra-50-54-59-12/
,,Tiendas D1,,,,,,,,,,,,6.3384733,-75.5679899,sucursales24,Cra. 63 #54-2,Bello,https://www.sucursales24.com.co/bello/tiendas-d1/cra-63-54-2-19/
,,Tiendas D1,,,,,,,,,,,,6.3114983,-75.5720306,sucursales24,Cra. 62 #21a-41,Bello,https://www.sucursales24.com.co/bello/tiendas-d1/cra-62-21a-41-3/
,,Tiendas D1,,,,,,,,,,,,6.3331059,-75.5615762,sucursales24,Cra. 53a #48-31,Bello,https://www.sucursales24.com.co/bello/tiendas-d1/cra-53a-48-31-5/
,,Tiendas D1,,,,,,,,,,,,6.3151304,-75.558556,sucursales24,Cra. 51 #25-23,Bello,https://www.sucursales24.com.co/bello/tiendas-d1/cra-51-25-23-11/
,,Tiendas D1,,,,,,,,,,,,6.311415,-75.5801459,sucursales24,Cra. 74 #20d-74,Bello,https://www.sucursales24.com.co/bello/tiendas-d1/cra-74-20d-74-4/
,,Tiendas D1,,,,,,,,,,,,6.3383361,-75.5409523,sucursales24,Dg. 50a #32-200,Bello,https://www.sucursales24.com.co/bello/tiendas-d1/dg-50a-32-200-2/
,,Tiendas D1,,,,,,,,,,,,6.33839,-75.5409754,sucursales24,Dg. 50a #37 - 1,Bello,https://www.sucursales24.com.co/bello/tiendas-d1/dg-50a-37---1-1/
,,Tiendas D1,,,,,,,,,,,,6.3441215,-75.5322997,sucursales24,Dg. 52 #20 - 120,Bello,https://www.sucursales24.com.co/bello/tiendas-d1/dg-52-20---120-17/
,,Tiendas D1,,,,,,,,,,,,4.6372852,-74.0972005,sucursales24,Ac 24 #48 - 64,Bogotá,https://www.sucursales24.com.co/bogota/tiendas-d1/ac-24-48---64-9/
,,Tiendas D1,,,,,,,,,,,,4.6989982,-74.1041044,sucursales24,Ak 86 #74 A - 26,Bogotá,https://www.sucursales24.com.co/bogota/tiendas-d1/ak-86-74-a---26-13/
,,Tiendas D1,,,,,,,,,,,,4.7137143,-74.0583905,sucursales24,Cl 128 A #51 - 52,Bogotá,https://www.sucursales24.com.co/bogota/tiendas-d1/cl-128-a-51---52-14/
,,Tiendas D1,,,,,,,,,,,,4.698587,-74.0748335,sucursales24,Cl 116 #70 D - 87,Bogotá,https://www.sucursales24.com.co/bogota/tiendas-d1/cl-116-70-d---87-4/
,,Tiendas D1,,,,,,,,,,,,4.7378739,-74.0258199,sucursales24,Cl 162 #7 F - 84,Bogotá,https://www.sucursales24.com.co/bogota/tiendas-d1/cl-162-7-f---84-1/
,,Tiendas D1,,,,,,,,,,,,4.6044733,-74.0992532,sucursales24,Ak 30 #4a-58,Bogotá,https://www.sucursales24.com.co/bogota/tiendas-d1/ak-30-4a-58-7/
,,Tiendas D1,,,,,,,,,,,,4.764923,-74.03438,sucursales24,Cl 188 #13 - 15,Bogotá,https://www.sucursales24.com.co/bogota/tiendas-d1/cl-188-13---15-0/
,,Tiendas D1,,,,,,,,,,,,4.6169035,-74.1439065,sucursales24,Cl 36 Sur #72 M - 51,Bogotá,https://www.sucursales24.com.co/bogota/tiendas-d1/cl-36-sur-72-m---51-6/
,,Tiendas D1,,,,,,,,,,,,4.5716214,-74.0941003,sucursales24,Cl 24 Sur #7 - 32,Bogotá,https://www.sucursales24.com.co/bogota/tiendas-d1/cl-24-sur-7---32-5/
,,Tiendas D1,,,,,,,,,,,,4.5866888,-74.1663153,sucursales24,Cl 64 Sur #71 F - 77,Bogotá,https://www.sucursales24.com.co/bogota/tiendas-d1/cl-64-sur-71-f---77-10/
,,Tiendas D1,,,,,,,,,,,,4.6978846,-74.1254164,sucursales24,Cl 64 F #105 - 35,Bogotá,https://www.sucursales24.com.co/bogota/tiendas-d1/cl-64-f-105---35-12/
,,Tiendas D1,,,,,,,,,,,,4.6667463,-74.0783598,sucursales24,Cl 68 #53 - 58,Bogotá,https://www.sucursales24.com.co/bogota/tiendas-d1/cl-68-53---58-16/
,,Tiendas D1,,,,,,,,,,,,4.677794,-74.0854824,sucursales24,Cl 72 A #67 - 78,Bogotá,https://www.sucursales24.com.co/bogota/tiendas-d1/cl-72-a-67---78-18/
,,Tiendas D1,,,,,,,,,,,,4.6363851,-74.1373302,sucursales24,Cr 72 #7 F - 35,Bogotá,https://www.sucursales24.com.co/bogota/tiendas-d1/cr-72-7-f---35-8/
,,Tiendas D1,,,,,,,,,,,,4.7406591,-74.1137498,sucursales24,Cr 129 #132 - 30,Bogotá,https://www.sucursales24.com.co/bogota/tiendas-d1/cr-129-132---30-2/
,,Tiendas D1,,,,,,,,,,,,4.697654,-74.042886,sucursales24,Cr 15 #118 - 34,Bogotá,https://www.sucursales24.com.co/bogota/tiendas-d1/cr-15-118---34-15/
,,Tiendas D1,,,,,,,,,,,,4.6887166,-74.0584049,sucursales24,Cr 46 #129 - 31,Bogotá,https://www.sucursales24.com.co/bogota/tiendas-d1/cr-46-129---31-17/
,,Tiendas D1,,,,,,,,,,,,4.6547504,-74.1304947,sucursales24,Cr 78 #17 - 57,Bogotá,https://www.sucursales24.com.co/bogota/tiendas-d1/cr-78-17---57-11/
,,Tiendas D1,,,,,,,,,,,,4.7393741,-74.0302346,sucursales24,Cr 8 G #162 - 40,Bogotá,https://www.sucursales24.com.co/bogota/tiendas-d1/cr-8-g-162---40-19/
,,Tiendas D1,,,,,,,,,,,,4.7175906,-74.0923817,sucursales24,Cr 91 #127 - 63,Bogotá,https://www.sucursales24.com.co/bogota/tiendas-d1/cr-91-127---63-3/
